"Trends","Search volume","Started","Ended","Trend breakdown","Explore link"
"karresults-nic-in 2025","500K+","8 April 2025 at 06:10:00 UTC+5:30",,"karresults-nic-in 2025,karresults.nic.in 2nd puc 2025,2nd puc result 2025 link karnataka,2nd puc result 2025,https //karresults.nic.in 2025,kseab.karnataka.gov.in puc,puc result 2025,karresults.nic.in,karresults,puc result 2025 karnataka,www.karresults.nic.in 2025,kseab karnataka gov in 2025,karresults.nic.in 2025,puc result,karnataka 2nd puc result 2025,karresults nic in puc,karresults-nic-in 2025 2nd puc,2puc results 2025,2nd puc result 2025 link,second puc result 2025,kseab.karnataka.gov.in,2nd puc result,12 puc result 2025,karresults nic in 2025 puc results,kar results.nic.in,https //karresults.nic.in,2nd puc result 2025 karnataka,karresults nic karnataka 2nd puc results,karresults.nic.in.,www.kar.nic.in 2025,karresults nic in,kseab,krresults.nic.in 2025,kseeb karnataka gov in,kseeb 2nd puc result,2nd puc result link,https //kseab.karnataka.gov.in login,kseeb,karresults nic in 2025,karresults.nic.in or kseab.karnataka.gov.in/english,puc result 2025 karnataka link,2nd puc results,puc result 2025 link,2nd puc result 2025 date and time,2nd puc result 2025 date,2puc results 2025 link,karnataka 2nd puc results,https karresults nic in 2025,karnataka 2nd puc result,www.karresults.nic.in,karresults-nic-in 2025 puc results,karresults.nic,2 nd pu result,result of 2nd puc 2025,2puc results 2025 date,karnataka,puc results,karnataka examination result 2025,2nd puc result link 2025,karresults.nic.in and kseab.karnataka.gov.in,2nd pu result,karnataka school examination and assessment board,karresults-nic-in 2024,puc,pu result 2025,karesults.nic.in 2025,how to check 2nd puc result,kar.results.nic.in 2025,kseab.karnataka.gov.in.,kseab.karnataka.gov.in/english,kseeb-kar-nic-in,kar results.nic.in 2025,karresults.nic.in.2025,karresults.nic.in,,https karresults-nic-in 2025,karnataka 2nd puc result 2025 link,kseab.karnataka.gov.in puc 2024-25,karresults.nic.in or kseab.karnataka.gov.in/english.,kseab.karnataka.gov.in 2025,second puc result 2025 karnataka,karresults nic in 2025 link,2nd puc results 2025,karresults. nic. in,karnataka puc result 2025,pu results 2025 karnataka,karresults.nic.in 2nd puc,2puc results,puc result 2025 date,2nd puc result 2024,kar.nic.in 2025,when is 2nd puc exam 2025,kar results,karnataka puc results 2025 date,2puc result,karresult.nic.in,results,12 puc result 2025 link,karnataka puc result,live,@karresults.nic.in,kar results nic in,2025 2nd puc result,kseab karnataka gov in,karresults.nic.,karresults.nic.in:,pu result,kseab.karnataka.gov.in/english.,https karresults-nic-in 2023,when is 2nd puc result 2025 in karnataka,2nd puc result 2025 kannada,second puc result 2025 link,kseeb.karnataka.gov.in,karnataka result 2nd puc 2025,puc 2 result 2025,2puc results 2025 date karnataka,2 puc result,puc results 2025,karresults nic in 2025 sslc results,https karresults nic in 2025 2nd puc,ii puc results 2025,karresults.nic.in 2025 puc results,karresults.nic.in 2025 puc results date,karnic puc result 2025,puc result 2024,karnataka result,kar result,2nd puc,karresults.nic.in. 2025,2nd year result,second puc result,karnataka 2nd puc result 2025 check online,karnataka.gov.in puc,karresults.nic.in 2020 puc results date,2nd puc result 2025 link karnataka online,2nd puc result 2025 time,karresults.nic.in 2nd puc 2025 link,nic,karnataka puc results 2025,karnataka examination result,karresults.nic.in 2nd puc 2024,karnataka results,kar result.nic.in,karnataka.gov.in.,when 2nd puc result 2025?,2nd pu results,kseeb result 2025,sslc result 2025 date in karnataka,puc result 2025 karnataka date,how to check 2nd puc result 2025,karresults nic,https//karresults.nic.in,www-karresults-nic-in 2025,puc result link,2pu result 2025,https//karresults.nic.in 2025,12th result date 2025 karnataka,2nd pu result link,second puc result 2025 date,kea result 2025,www.karresults.nic.in 2024,karresults-nic-in 2025 link,karresults.nic.in, kseab.karnataka.gov.in,karresults. nic. in 2025,2nd puc result 2025 website,2nd pu result 2025,12 puc result 2025 karnataka,@karresults.nic.in:,karnataka result 2025,2nd puc result link 2025 karnataka,pu results,karresults.nic.in and pue.kar.nic.in,karresults-nic,12 puc result,when was 2nd puc result,kseeb 2nd puc result 2025,karnataka 2nd puc result 2025 date,karnataka 2nd puc result 2025 website,2puc results 2025 karnataka,karnataka.gov.in,karresults.nic.in or kseab.karnataka.gov.in,pue.karnataka.gov.in,karresult.nic.in 2025,2nd puc result website,karnataka 2nd puc results 2025,kar puc result 2025,2nd puc result date 2025,karresults-nic-in sslc results,karresults.nic.in2025,karresults.nic.in or,2nd puc 2025 result,2nd puc result karnataka,kseab.karnataka.gov.in or karresults.nic.in,kseeb.kar.nic.in 2025,2nd puc result date,2nd puc result 2025 karnataka link,gov,https //karresults.nic.in 2024,puc 2 result 2025 karnataka,puc result 2024 karnataka,www.pue.kar.nic.in 2025,2025 2nd puc result date,puc result karnataka,karresults.nic.in and kseab.karnataka.gov.in.,karresults.nic in,karnataka puc results,https karresults-nic-in,pu result 2025 karnataka,2 nd puc result,karresults-nic-in 2025 1st puc,karresults-nic-in2025,2nd puc karnataka result,karresults-nic-in 2025 puc,karresults nic in puc results 2025,kar results nic in 2025,2nd puc result check,karnataka secondary education examination board,karnataka.gov.in result,2025 2nd puc result link,karresults.nic.in or kseab.karnataka.gov.in.,when 2nd puc result 2025,when is 2nd puc result,kar result nic in,karnataka second puc result 2025,karresults-nic-in 2023 puc results,when is 2nd puc result 2025,karresults nic.in,2nd puc results link,puc result 2025 link karnataka,2nd year result 2025,puc 2nd year result 2025,https karresults nic in 2024 2nd puc,on","https://trends.google.com/trends/explore?q=karresults-nic-in%202025&geo=IN&hl=en-GB"
"royal challengers vs indians","1M+","7 April 2025 at 18:50:00 UTC+5:30",,"royal challengers vs indians,mumbai indians vs royal challengers bengaluru match scorecard,royal challengers bengaluru vs mumbai indians match scorecard,rcb mi,rcb vs mi 2025,mi rcb,royal challengers bengaluru vs mumbai indians,hardik pandya brother,mumbai indians vs royal challengers bengaluru,krunal pandya,hardik pandya,ipl points table,rcb versus mi,rcb vs mi ipl 2025,mi versus rcb,rohit sharma,rcb v mi,mi v rcb,royal challengers at indians,mumbai indians vs royal challengers bengaluru standings,rcb vsmi,rcb,naman dhir,mumbai vs rcb,mi vs rcb 2025,ipl rcb vs mi,rcb versus mumbai,points table ipl,rcb vs mi live,mi vs rcb live,ipl mi vs rcb,rcb vs mi wpl,rcb vs mi live score,rcbvsmi,rcb match,rcb vs mi scorecard,mumbai indians,rcb vs m,rcb vs mumbai,ipl table point,royal challengers cricket vs mumbai indians team match scorecard,mivsrcb,rcb vs mi score,ipl score table,ipl standings,mi vs rcb scorecard 2025,mi vsrcb,rcb bs mi,rcb vs mi ipl,mi bs rcb,mi rcb match,rcb vs,mumbai versus rcb,rcb mi match,mi vs rcb scorecard,who won yesterday ipl match,yesterday ipl match,royal challengers vs indian,wankhede stadium,mivs rcb,2025 ipl points table,ipl match yesterday,mi vs rc,ipl point table 2025,rcb versus mi match,mi vs rcb score,rcb match today,royal challengers bengaluru vs mumbai indians stats,mi vs rcb live score,rcb vs mi highlights,ipl table 2025,live score ipl,rcb vs mi match,point table ipl,rcb vs mi wpl 2025,mi,rcb vs mi.,ipl 2025 point table,rcb versus mumbai indians,mi vs rcb toss,yesterday's ipl match,rcb and mi,mum vs rcb,royal challengers bengaluru,ipl score,icc cricket live today,rcb - mi,ipl score live,mi vs rcb highlights,rcb score,ipl scoreboard,cricbuzz points table,ipl table point 2025,ipl cricket,live ipl score,today's ipl match score,mi matches,mi vs rcb ipl,rcb vs mi live match,mi vs rcb.,rcb matches,who won yesterday's ipl match,point table ipl 2025,mi vs rcb ipl 2025 tickets,rcb vs ml,rcb vs mi toss,ipl yesterday,yesterday match score,mi rcb 2025,who won yesterday's match,today ipl match live,yesterday match winner,mi and rcb,ipl 2025 rcb vs mi,today ipl match score,yesterday ipl match score,points table 2025 ipl,2025 ipl point table,points table 2025,ipl time table 2025,rcb వర్సెస్ mi,mi vs rcb match,rcb win,today match score live,royal challengers,who won yesterday match,yesterday match,rcb vs mi tickets,rcb versus,mi vs rcb live match,rcb vs mi ipl 2025 schedule,rcb today match,ipl live score table,wankhede stadium pitch report,royal challengers bengaluru vs mumbai indians match scorecar,mumbai vs bangalore,table point ipl 2025,scorecard ipl,mumbai rcb match,mi vs rcb dream11 prediction,mi vs rcb 2023,yesterday ipl match winner,match score,yesterday,hardik,mi vs rcb toss winner,rcb vs mi today match,live cricket match today india,tilak verma,rcb mumbai match,next rcb match,rcb vs mi 2023,ipl live score today,ipl results,mi vs rcv,ipl match today live,yesterday match result,today ipl match live score,is rohit sharma playing today,mi score,rcb won,rcb live,match score live,live match score ipl,mi match,rcb vs mi man of the match,mi vs rcb head to head,krunal pandya and hardik pandya,yesterday ipl,man of the match today ipl,highest score in ipl 2025,rcb last match,ipl.points table,ipl cricket live today,mi vs,krunal pandya ipl 2025,ipl score today,mumbai indians vs rcb,rcb last match scorecard,wankhede stadium highest score in ipl,todays match score,mi last match,match live score,tilak varma retired out why,match live,krunal pandya brother,rcv vs mi,ipl today match live,royal challengers vs indians live,royal challengers vs mi,rcb 2025,mi playing 11 today,ipl rcb,ipl 2025 score,mi vs rcb toss win,ipl cricket live score,rcb vs mi toss win,rvb vs mi,today match live score,today's match score,hardik pandya and krunal pandya,who won today's ipl match,mi versus rcb match,royal challengers vs indians wpl,ml vs rcb,pandya brothers,mum vs blr,live cricket score ipl,wankhede stadium average score in ipl,mi vs rcb team,pandya,rcb vs mumbai indians,ipl scores,mi vs rcb pitch report,live match ipl,mi match list 2025,points table of ipl,wankhede stadium ipl records,mumbai versus bangalore,live match today,ipl ranking 2025,rcb versus mi score,mi rcb toss,rcb vs mi table,rcb vs mi today,rcb scorecard,rcb vs mi head to head,is bumrah playing mi vs rcb,mi vs rcb playing 11,today ipl match result,today ipl live score,today ipl match toss winner","https://trends.google.com/trends/explore?q=royal%20challengers%20vs%20indians&geo=IN&hl=en-GB"
"mohun bagan vs jamshedpur","200K+","7 April 2025 at 18:30:00 UTC+5:30",,"mohun bagan vs jamshedpur,lalengmawia ralte,mohun bagan,isl live,isl match today,mohun bagan super giant,where to watch mohun bagan super giant vs jamshedpur fc,today isl match,indian super league,indian super league games,mbsg vs jfc,isl match,isl today match,mohun bagan super giant vs jamshedpur fc,mbsg,isl 2024-25,jamshedpur fc,jason cummings,apuia,isl final venue,isl match today live,isl final 2025 venue,mohun bagan super giant vs jamshedpur fc lineups,javi hernández","https://trends.google.com/trends/explore?q=mohun%20bagan%20vs%20jamshedpur&geo=IN&hl=en-GB"
"rcb बनाम mi","200K+","7 April 2025 at 19:00:00 UTC+5:30",,"rcb बनाम mi,suyash sharma,रॉयल चैलेंजर्स बनाम इंडियंस,क्रुनाल पांड्या,mi बनाम rcb,मुंबई इंडियंस बनाम रॉयल चैलेंजर्स बेंगलुरु के मैच का स्कोरकार्ड,रॉयल चैलेंजर्स बेंगलुरु बनाम मुंबई इंडियंस के मैच का स्कोरकार्ड,रोहित शर्मा,हार्दिक पांड्या,विल जैक्स,नमन धीर,रयान रिकेल्टन,इंडियंस बनाम रॉयल चैलेंजर्स,wankhede stadium pitch report in hindi","https://trends.google.com/trends/explore?q=rcb%20%E0%A4%AC%E0%A4%A8%E0%A4%BE%E0%A4%AE%20mi&geo=IN&hl=en-GB"
"poshan abhiyaan","20K+","8 April 2025 at 06:40:00 UTC+5:30",,"poshan abhiyaan,poshan pakhwada,poshan pakhwada 2025","https://trends.google.com/trends/explore?q=poshan%20abhiyaan&geo=IN&hl=en-GB"
"vaniya agrawal microsoft","20K+","7 April 2025 at 14:30:00 UTC+5:30",,"vaniya agrawal microsoft","https://trends.google.com/trends/explore?q=vaniya%20agrawal%20microsoft&geo=IN&hl=en-GB"
"leicester city vs newcastle","50K+","7 April 2025 at 23:40:00 UTC+5:30",,"leicester city vs newcastle,premier league standings,newcastle,jacob murphy,leicester city,harvey barnes","https://trends.google.com/trends/explore?q=leicester%20city%20vs%20newcastle&geo=IN&hl=en-GB"
"dire wolf","20K+","7 April 2025 at 21:40:00 UTC+5:30",,"dire wolf,dire wolf de extinction,dire wolf extinction,dire wolf extinct,dire wolves,direwolf","https://trends.google.com/trends/explore?q=dire%20wolf&geo=IN&hl=en-GB"
"petrol diesel excise duty","50K+","7 April 2025 at 18:30:00 UTC+5:30",,"petrol diesel excise duty,lpg gas cylinder price,petrol price,lpg gas price,lpg,petrol diesel price hike,petrol,lpg gas cylinder price hike,petrol price hike,excise duty,petrol price in delhi,petrol diesel price,excise duty on petrol,gas cylinder price,diesel price,lpg gas,lpg cylinder price,lpg price hike,lpg price","https://trends.google.com/trends/explore?q=petrol%20diesel%20excise%20duty&geo=IN&hl=en-GB"
"us market today","200K+","7 April 2025 at 18:20:00 UTC+5:30",,"us market today,dow jones stock markets,nasdaq,nasdaq index,s&p 500,dow jones index,us market live,nasdaq today,s&p 500 index,us markets,dow,dowjones,dow jones stock markets futures,nyse,dow jones industrial average,nasdaq composite,nasdaq index live,american stock market,dow jones share price,u.s. stock market today live chart,global stock market,us share market,djia,sp500,cnbc tv18 live,u.s. stock market today open,s&p,us market news,down jones,us share market today,us markets live","https://trends.google.com/trends/explore?q=us%20market%20today&geo=IN&hl=en-GB"
"royals vs twins","20K+","8 April 2025 at 05:20:00 UTC+5:30",,"royals vs twins","https://trends.google.com/trends/explore?q=royals%20vs%20twins&geo=IN&hl=en-GB"
"mission impossible","10K+","7 April 2025 at 18:50:00 UTC+5:30",,"mission impossible,tom cruise mission impossible,mission impossible final reckoning,tom cruise","https://trends.google.com/trends/explore?q=mission%20impossible&geo=IN&hl=en-GB"
"csk vs pbks","10K+","7 April 2025 at 18:30:00 UTC+5:30",,"csk vs pbks,kings vs super kings,ipl 2025 start date","https://trends.google.com/trends/explore?q=csk%20vs%20pbks&geo=IN&hl=en-GB"
"ucl","20K+","7 April 2025 at 22:30:00 UTC+5:30",,"ucl,champions league,real madrid vs arsenal","https://trends.google.com/trends/explore?q=ucl&geo=IN&hl=en-GB"
"cg vyapam","20K+","7 April 2025 at 18:40:00 UTC+5:30",,"cg vyapam,cgvyapam,up board 10th result 2025","https://trends.google.com/trends/explore?q=cg%20vyapam&geo=IN&hl=en-GB"
"leganes vs osasuna","10K+","7 April 2025 at 23:40:00 UTC+5:30",,"leganes vs osasuna","https://trends.google.com/trends/explore?q=leganes%20vs%20osasuna&geo=IN&hl=en-GB"
"lsg vs kkr","100K+","7 April 2025 at 23:40:00 UTC+5:30",,"lsg vs kkr,kkr vs lsg 2024,kkr vs lsg dream11 prediction,ipl table,ipl match today,table ipl,today's ipl match,ipl list,ipl today match,today match ipl,ipl 2025 today match,ipl list 2025,match today ipl,ilp 2025 match,ipl yesterday match,ipl matches,ipl 2025 time table,score ipl,table ipl 2025,ipl today score,match ipl,match score ipl,ipl match score,today ipl match toss,ipl toss today,today's match,who won today's match,today ipl match winner,today's ipl,today's match ipl,ipl scorecard 2025,score live ipl,ipl 2025 match,ipl match live score,today match t20,today match ipl 2025,todays ipl,who won the match today,todays match,ipl 2025 stats,ipl live match score,ipl live streaming","https://trends.google.com/trends/explore?q=lsg%20vs%20kkr&geo=IN&hl=en-GB"
"one ui 7 update samsung galaxy","10K+","7 April 2025 at 22:50:00 UTC+5:30",,"one ui 7 update samsung galaxy,samsung galaxy one ui 7 update","https://trends.google.com/trends/explore?q=one%20ui%207%20update%20samsung%20galaxy&geo=IN&hl=en-GB"
"kamada ekadashi vrat katha","10K+","8 April 2025 at 06:20:00 UTC+5:30",,"kamada ekadashi vrat katha,kamada ekadashi,ekadashi vrat katha,ekadashi,kamada ekadashi 2025,एकादशी कब है,kamda ekadashi vrat katha,today ekadashi,कामदा एकादशी व्रत,ekadashi ki katha,today ekadashi vrat katha","https://trends.google.com/trends/explore?q=kamada%20ekadashi%20vrat%20katha&geo=IN&hl=en-GB"
"pawan kalyan","5K+","7 April 2025 at 21:30:00 UTC+5:30",,"pawan kalyan,mark shankar,pawan kalyan son,mark shankar pawanovich","https://trends.google.com/trends/explore?q=pawan%20kalyan&geo=IN&hl=en-GB"
"atlee","2K+","8 April 2025 at 11:20:00 UTC+5:30",,"atlee,aa22,atlee movies,sun pictures,film","https://trends.google.com/trends/explore?q=atlee&geo=IN&hl=en-GB"
"will pucovski","2K+","8 April 2025 at 07:50:00 UTC+5:30",,"will pucovski,cric buzz","https://trends.google.com/trends/explore?q=will%20pucovski&geo=IN&hl=en-GB"
"prasanna sankar rippling","2K+","8 April 2025 at 01:30:00 UTC+5:30",,"prasanna sankar rippling","https://trends.google.com/trends/explore?q=prasanna%20sankar%20rippling&geo=IN&hl=en-GB"
"undertaker wwe","1K+","8 April 2025 at 11:50:00 UTC+5:30",,"undertaker wwe","https://trends.google.com/trends/explore?q=undertaker%20wwe&geo=IN&hl=en-GB"
"passport","2K+","8 April 2025 at 12:20:00 UTC+5:30",,"passport","https://trends.google.com/trends/explore?q=passport&geo=IN&hl=en-GB"
"tv9 kannada live","2K+","8 April 2025 at 12:10:00 UTC+5:30",,"tv9 kannada live,rcb ವಿರುದ್ಧ mi,ಐಪಿಎಲ್","https://trends.google.com/trends/explore?q=tv9%20kannada%20live&geo=IN&hl=en-GB"
"andaz apna apna","1K+","8 April 2025 at 11:20:00 UTC+5:30",,"andaz apna apna","https://trends.google.com/trends/explore?q=andaz%20apna%20apna&geo=IN&hl=en-GB"
"jail prahari admit card 2025","2K+","8 April 2025 at 07:10:00 UTC+5:30",,"jail prahari admit card 2025,jail prahari admit card","https://trends.google.com/trends/explore?q=jail%20prahari%20admit%20card%202025&geo=IN&hl=en-GB"
"12th result date 2025","1K+","8 April 2025 at 09:10:00 UTC+5:30",,"12th result date 2025","https://trends.google.com/trends/explore?q=12th%20result%20date%202025&geo=IN&hl=en-GB"
"knight riders vs super giants","2K+","7 April 2025 at 23:40:00 UTC+5:30",,"knight riders vs super giants","https://trends.google.com/trends/explore?q=knight%20riders%20vs%20super%20giants&geo=IN&hl=en-GB"
"tom banton","2K+","8 April 2025 at 05:10:00 UTC+5:30",,"tom banton","https://trends.google.com/trends/explore?q=tom%20banton&geo=IN&hl=en-GB"
"temperature","2K+","8 April 2025 at 13:00:00 UTC+5:30",,"temperature,temperature delhi,ahmedabad temperature,jaipur temperature","https://trends.google.com/trends/explore?q=temperature&geo=IN&hl=en-GB"
"dow jones","100K+","7 April 2025 at 19:10:00 UTC+5:30","8 April 2025 at 09:20:00 UTC+5:30","dow jones,s and p 500,us stock market live","https://trends.google.com/trends/explore?q=dow%20jones&geo=IN&hl=en-GB"
"nyt connections hints","2K+","8 April 2025 at 09:30:00 UTC+5:30",,"nyt connections hints,nyt connections hints april 8","https://trends.google.com/trends/explore?q=nyt%20connections%20hints&geo=IN&hl=en-GB"
"sslc result 2025","1K+","8 April 2025 at 13:00:00 UTC+5:30",,"sslc result 2025,sslc result","https://trends.google.com/trends/explore?q=sslc%20result%202025&geo=IN&hl=en-GB"
"kar","500+","8 April 2025 at 12:30:00 UTC+5:30",,"kar","https://trends.google.com/trends/explore?q=kar&geo=IN&hl=en-GB"
"सोने चांदी भाव","2K+","8 April 2025 at 09:00:00 UTC+5:30",,"सोने चांदी भाव,सोने चांदी","https://trends.google.com/trends/explore?q=%E0%A4%B8%E0%A5%8B%E0%A4%A8%E0%A5%87%20%E0%A4%9A%E0%A4%BE%E0%A4%82%E0%A4%A6%E0%A5%80%20%E0%A4%AD%E0%A4%BE%E0%A4%B5&geo=IN&hl=en-GB"
"delhivery share price","2K+","8 April 2025 at 09:30:00 UTC+5:30",,"delhivery share price","https://trends.google.com/trends/explore?q=delhivery%20share%20price&geo=IN&hl=en-GB"
"jitesh sharma","100K+","7 April 2025 at 20:40:00 UTC+5:30","8 April 2025 at 00:30:00 UTC+5:30","jitesh sharma","https://trends.google.com/trends/explore?q=jitesh%20sharma&geo=IN&hl=en-GB"
"dow jones live","50K+","7 April 2025 at 19:10:00 UTC+5:30","8 April 2025 at 07:20:00 UTC+5:30","dow jones live,gift nifty,nasdaq live,sgx nifty,bse sensex,gift nifty today,global markets today,gift nifty live,global indices,gift nifty live today,today sensex,hdfcsec,upstox,global market today,india vix today,sensex share price,gift nifty index,bse sensex today,stock markets trump tariffs,nifty 50 today,dow jones live today,sensex today live,vix india,today market,nifty50,sensex live,what is gift nifty,top gainers today,world market today,sensex moneycontrol,global market index,share","https://trends.google.com/trends/explore?q=dow%20jones%20live&geo=IN&hl=en-GB"
"kea kar nic in","1K+","8 April 2025 at 12:30:00 UTC+5:30",,"kea kar nic in,kea.kar.nic.in results,kea.kar.nic.in 2025 results","https://trends.google.com/trends/explore?q=kea%20kar%20nic%20in&geo=IN&hl=en-GB"
"points table ipl 2025","100K+","7 April 2025 at 23:20:00 UTC+5:30","8 April 2025 at 08:20:00 UTC+5:30","points table ipl 2025,ipl points table 2025,points table,rcb vs dc,point table,ipl points table today match,tata ipl 2025 points table,ipl points,ipl point,points table of ipl 2025,ipl ranking,ipl team ranking,ipl 2025 purple cap","https://trends.google.com/trends/explore?q=points%20table%20ipl%202025&geo=IN&hl=en-GB"
"kseb","500+","8 April 2025 at 12:30:00 UTC+5:30",,"kseb","https://trends.google.com/trends/explore?q=kseb&geo=IN&hl=en-GB"
"us stock market today","20K+","7 April 2025 at 18:10:00 UTC+5:30","8 April 2025 at 10:00:00 UTC+5:30","us stock market today,us markets today,nikkei index,nikkei 225,asian markets today,nikkei,japan stock market,global markets,asian markets","https://trends.google.com/trends/explore?q=us%20stock%20market%20today&geo=IN&hl=en-GB"
"karan oberoi","200+","8 April 2025 at 12:50:00 UTC+5:30",,"karan oberoi","https://trends.google.com/trends/explore?q=karan%20oberoi&geo=IN&hl=en-GB"
"trent boult","20K+","7 April 2025 at 19:30:00 UTC+5:30","8 April 2025 at 07:40:00 UTC+5:30","trent boult","https://trends.google.com/trends/explore?q=trent%20boult&geo=IN&hl=en-GB"
"university of hyderabad","500+","8 April 2025 at 13:10:00 UTC+5:30",,"university of hyderabad,land","https://trends.google.com/trends/explore?q=university%20of%20hyderabad&geo=IN&hl=en-GB"
"bologna vs napoli","5K+","7 April 2025 at 23:20:00 UTC+5:30","8 April 2025 at 12:30:00 UTC+5:30","bologna vs napoli,napoli fc,dan ndoye,napoli vs bologna","https://trends.google.com/trends/explore?q=bologna%20vs%20napoli&geo=IN&hl=en-GB"
"isl","100K+","7 April 2025 at 20:20:00 UTC+5:30","7 April 2025 at 23:00:00 UTC+5:30","isl,manvir singh","https://trends.google.com/trends/explore?q=isl&geo=IN&hl=en-GB"
"royal challengers bengaluru vs mumbai indians timeline","20K+","7 April 2025 at 19:30:00 UTC+5:30","8 April 2025 at 09:50:00 UTC+5:30","royal challengers bengaluru vs mumbai indians timeline,bumrah,ipl score board,table of ipl,ipl scorecard,rcb next match,mi next match,pollard,mi last match scorecard,points table ipl 2024,ipl match tomorrow,kieron pollard","https://trends.google.com/trends/explore?q=royal%20challengers%20bengaluru%20vs%20mumbai%20indians%20timeline&geo=IN&hl=en-GB"
"pm internship scheme","200+","8 April 2025 at 12:30:00 UTC+5:30",,"pm internship scheme","https://trends.google.com/trends/explore?q=pm%20internship%20scheme&geo=IN&hl=en-GB"
"nft","200+","8 April 2025 at 12:50:00 UTC+5:30",,"nft","https://trends.google.com/trends/explore?q=nft&geo=IN&hl=en-GB"
"devdutt padikkal","100K+","7 April 2025 at 19:40:00 UTC+5:30","7 April 2025 at 21:40:00 UTC+5:30","devdutt padikkal,rajat patidar,patidar,padikkal","https://trends.google.com/trends/explore?q=devdutt%20padikkal&geo=IN&hl=en-GB"
"will jacks","50K+","7 April 2025 at 21:40:00 UTC+5:30","7 April 2025 at 23:20:00 UTC+5:30","will jacks,tilak varma,तिलक वर्मा,सूर्यकुमार यादव,आईपीएल लाइव","https://trends.google.com/trends/explore?q=will%20jacks&geo=IN&hl=en-GB"
"पोषण अभियान","200+","8 April 2025 at 12:30:00 UTC+5:30",,"पोषण अभियान","https://trends.google.com/trends/explore?q=%E0%A4%AA%E0%A5%8B%E0%A4%B7%E0%A4%A3%20%E0%A4%85%E0%A4%AD%E0%A4%BF%E0%A4%AF%E0%A4%BE%E0%A4%A8&geo=IN&hl=en-GB"
"cpcb","500+","8 April 2025 at 11:40:00 UTC+5:30",,"cpcb","https://trends.google.com/trends/explore?q=cpcb&geo=IN&hl=en-GB"
"update","200+","8 April 2025 at 12:50:00 UTC+5:30",,"update","https://trends.google.com/trends/explore?q=update&geo=IN&hl=en-GB"
"dow jones today","10K+","7 April 2025 at 18:50:00 UTC+5:30","8 April 2025 at 09:20:00 UTC+5:30","dow jones today,dowjones live","https://trends.google.com/trends/explore?q=dow%20jones%20today&geo=IN&hl=en-GB"
"ipl point table","20K+","7 April 2025 at 23:30:00 UTC+5:30","8 April 2025 at 08:00:00 UTC+5:30","ipl point table,royal challengers bangalore,patidar rcb","https://trends.google.com/trends/explore?q=ipl%20point%20table&geo=IN&hl=en-GB"
"pune temperature","1K+","8 April 2025 at 13:10:00 UTC+5:30",,"pune temperature","https://trends.google.com/trends/explore?q=pune%20temperature&geo=IN&hl=en-GB"
"deepak chahar","50K+","7 April 2025 at 20:00:00 UTC+5:30","8 April 2025 at 00:20:00 UTC+5:30","deepak chahar,ryan rickelton,phil salt,rickelton","https://trends.google.com/trends/explore?q=deepak%20chahar&geo=IN&hl=en-GB"
"rcb વિ. mi","10K+","7 April 2025 at 19:10:00 UTC+5:30","8 April 2025 at 10:10:00 UTC+5:30","rcb વિ. mi,rcd vs mi,આઈપીએલ","https://trends.google.com/trends/explore?q=rcb%20%E0%AA%B5%E0%AA%BF.%20mi&geo=IN&hl=en-GB"
"sporting vs braga","2K+","8 April 2025 at 00:30:00 UTC+5:30","8 April 2025 at 11:30:00 UTC+5:30","sporting vs braga","https://trends.google.com/trends/explore?q=sporting%20vs%20braga&geo=IN&hl=en-GB"
"indian navy","500+","8 April 2025 at 11:00:00 UTC+5:30",,"indian navy","https://trends.google.com/trends/explore?q=indian%20navy&geo=IN&hl=en-GB"
"josh hazlewood","20K+","7 April 2025 at 22:00:00 UTC+5:30","8 April 2025 at 06:50:00 UTC+5:30","josh hazlewood","https://trends.google.com/trends/explore?q=josh%20hazlewood&geo=IN&hl=en-GB"
"ipl 2025 points table","20K+","7 April 2025 at 23:30:00 UTC+5:30","8 April 2025 at 07:50:00 UTC+5:30","ipl 2025 points table","https://trends.google.com/trends/explore?q=ipl%202025%20points%20table&geo=IN&hl=en-GB"
"8 april 2025 holiday in punjab","2K+","7 April 2025 at 14:30:00 UTC+5:30","8 April 2025 at 11:30:00 UTC+5:30","8 april 2025 holiday in punjab","https://trends.google.com/trends/explore?q=8%20april%202025%20holiday%20in%20punjab&geo=IN&hl=en-GB"
"suryakumar yadav","20K+","7 April 2025 at 22:00:00 UTC+5:30","7 April 2025 at 23:20:00 UTC+5:30","suryakumar yadav,mitchell santner,surya kumar yadav","https://trends.google.com/trends/explore?q=suryakumar%20yadav&geo=IN&hl=en-GB"
"ipl orange cap","10K+","7 April 2025 at 20:30:00 UTC+5:30","8 April 2025 at 09:30:00 UTC+5:30","ipl orange cap,orange cap,ipl 2025 table,ipl 2025 orange cap,ipl orange cap list,ipl leaderboard,ipl final 2025,purple cap in ipl,iplt20,ipl orange cap 2025,most runs in ipl,ipl highest score,orange cap in ipl,krunal pandya ipl 2025 wickets","https://trends.google.com/trends/explore?q=ipl%20orange%20cap&geo=IN&hl=en-GB"
"webcast","200+","8 April 2025 at 12:20:00 UTC+5:30","8 April 2025 at 13:30:00 UTC+5:30","webcast","https://trends.google.com/trends/explore?q=webcast&geo=IN&hl=en-GB"
"w816","10K+","7 April 2025 at 15:30:00 UTC+5:30","8 April 2025 at 09:10:00 UTC+5:30","w816,w816 lottery result,kerala lottery result today 3pm,win win lottery result,kerala jackpot result today","https://trends.google.com/trends/explore?q=w816&geo=IN&hl=en-GB"
"rcb mumbai","10K+","7 April 2025 at 19:10:00 UTC+5:30","8 April 2025 at 08:30:00 UTC+5:30","rcb mumbai,mi va rcb,mumbai rcb,rcb va mi,mi ipl,mahela jayawardene","https://trends.google.com/trends/explore?q=rcb%20mumbai&geo=IN&hl=en-GB"
"zodiac signs daily horoscope today","2K+","8 April 2025 at 07:40:00 UTC+5:30","8 April 2025 at 10:10:00 UTC+5:30","zodiac signs daily horoscope today,8 april,aries horoscope today astrology","https://trends.google.com/trends/explore?q=zodiac%20signs%20daily%20horoscope%20today&geo=IN&hl=en-GB"
"virat kohli","50K+","7 April 2025 at 20:20:00 UTC+5:30","7 April 2025 at 21:50:00 UTC+5:30","virat kohli,yash dayal,kohli,rcb jersey","https://trends.google.com/trends/explore?q=virat%20kohli&geo=IN&hl=en-GB"
"titan share price","2K+","8 April 2025 at 09:20:00 UTC+5:30","8 April 2025 at 11:20:00 UTC+5:30","titan share price","https://trends.google.com/trends/explore?q=titan%20share%20price&geo=IN&hl=en-GB"
"rcb women","2K+","7 April 2025 at 20:10:00 UTC+5:30","8 April 2025 at 09:00:00 UTC+5:30","rcb women","https://trends.google.com/trends/explore?q=rcb%20women&geo=IN&hl=en-GB"
"kospi index","2K+","8 April 2025 at 06:50:00 UTC+5:30","8 April 2025 at 13:00:00 UTC+5:30","kospi index","https://trends.google.com/trends/explore?q=kospi%20index&geo=IN&hl=en-GB"
"sports","20K+","7 April 2025 at 23:20:00 UTC+5:30","8 April 2025 at 00:30:00 UTC+5:30","sports","https://trends.google.com/trends/explore?q=sports&geo=IN&hl=en-GB"
"pvr","2K+","7 April 2025 at 22:50:00 UTC+5:30","8 April 2025 at 12:20:00 UTC+5:30","pvr","https://trends.google.com/trends/explore?q=pvr&geo=IN&hl=en-GB"
"amc","500+","8 April 2025 at 11:50:00 UTC+5:30","8 April 2025 at 13:30:00 UTC+5:30","amc","https://trends.google.com/trends/explore?q=amc&geo=IN&hl=en-GB"
"bill ackman","1K+","8 April 2025 at 09:40:00 UTC+5:30","8 April 2025 at 12:00:00 UTC+5:30","bill ackman,cnn","https://trends.google.com/trends/explore?q=bill%20ackman&geo=IN&hl=en-GB"
"nasdaq 100","5K+","7 April 2025 at 19:00:00 UTC+5:30","8 April 2025 at 00:50:00 UTC+5:30","nasdaq 100","https://trends.google.com/trends/explore?q=nasdaq%20100&geo=IN&hl=en-GB"
"mumbai indians (wpl)","10K+","7 April 2025 at 19:40:00 UTC+5:30","8 April 2025 at 07:20:00 UTC+5:30","mumbai indians (wpl),women's premier league","https://trends.google.com/trends/explore?q=mumbai%20indians%20%28wpl%29&geo=IN&hl=en-GB"
"upmsp","2K+","8 April 2025 at 08:30:00 UTC+5:30","8 April 2025 at 10:50:00 UTC+5:30","upmsp,up board result date 2025","https://trends.google.com/trends/explore?q=upmsp&geo=IN&hl=en-GB"
"mamata banerjee","2K+","7 April 2025 at 19:50:00 UTC+5:30","8 April 2025 at 09:20:00 UTC+5:30","mamata banerjee,nios","https://trends.google.com/trends/explore?q=mamata%20banerjee&geo=IN&hl=en-GB"
"hdfc securities","1K+","8 April 2025 at 09:20:00 UTC+5:30","8 April 2025 at 11:00:00 UTC+5:30","hdfc securities","https://trends.google.com/trends/explore?q=hdfc%20securities&geo=IN&hl=en-GB"
"public tv live","200+","8 April 2025 at 12:50:00 UTC+5:30","8 April 2025 at 13:30:00 UTC+5:30","public tv live","https://trends.google.com/trends/explore?q=public%20tv%20live&geo=IN&hl=en-GB"
"8 april 2025","1K+","7 April 2025 at 21:00:00 UTC+5:30","8 April 2025 at 11:10:00 UTC+5:30","8 april 2025","https://trends.google.com/trends/explore?q=8%20april%202025&geo=IN&hl=en-GB"
"shanghai index","1K+","8 April 2025 at 06:50:00 UTC+5:30","8 April 2025 at 09:40:00 UTC+5:30","shanghai index","https://trends.google.com/trends/explore?q=shanghai%20index&geo=IN&hl=en-GB"
"kedarnath helicopter","200+","8 April 2025 at 12:00:00 UTC+5:30","8 April 2025 at 13:00:00 UTC+5:30","kedarnath helicopter","https://trends.google.com/trends/explore?q=kedarnath%20helicopter&geo=IN&hl=en-GB"
"liam livingstone","10K+","7 April 2025 at 20:50:00 UTC+5:30","7 April 2025 at 21:50:00 UTC+5:30","liam livingstone","https://trends.google.com/trends/explore?q=liam%20livingstone&geo=IN&hl=en-GB"
"rinke khanna","500+","8 April 2025 at 08:50:00 UTC+5:30","8 April 2025 at 11:20:00 UTC+5:30","rinke khanna","https://trends.google.com/trends/explore?q=rinke%20khanna&geo=IN&hl=en-GB"
"iii","200+","8 April 2025 at 11:50:00 UTC+5:30","8 April 2025 at 12:50:00 UTC+5:30","iii","https://trends.google.com/trends/explore?q=iii&geo=IN&hl=en-GB"
"john jebaraj","2K+","7 April 2025 at 18:10:00 UTC+5:30","8 April 2025 at 11:30:00 UTC+5:30","john jebaraj","https://trends.google.com/trends/explore?q=john%20jebaraj&geo=IN&hl=en-GB"
"thunderbolts","2K+","7 April 2025 at 18:20:00 UTC+5:30","8 April 2025 at 04:00:00 UTC+5:30","thunderbolts","https://trends.google.com/trends/explore?q=thunderbolts&geo=IN&hl=en-GB"
"sgx","500+","8 April 2025 at 06:30:00 UTC+5:30","8 April 2025 at 09:30:00 UTC+5:30","sgx","https://trends.google.com/trends/explore?q=sgx&geo=IN&hl=en-GB"
"जितेश शर्मा","2K+","7 April 2025 at 20:40:00 UTC+5:30","8 April 2025 at 06:30:00 UTC+5:30","जितेश शर्मा,यश दयाल","https://trends.google.com/trends/explore?q=%E0%A4%9C%E0%A4%BF%E0%A4%A4%E0%A5%87%E0%A4%B6%20%E0%A4%B6%E0%A4%B0%E0%A5%8D%E0%A4%AE%E0%A4%BE&geo=IN&hl=en-GB"
"tesla stock","5K+","7 April 2025 at 19:10:00 UTC+5:30","8 April 2025 at 03:40:00 UTC+5:30","tesla stock,tesla share price,tesla stock price","https://trends.google.com/trends/explore?q=tesla%20stock&geo=IN&hl=en-GB"
"melbourne t10","500+","8 April 2025 at 08:00:00 UTC+5:30","8 April 2025 at 11:30:00 UTC+5:30","melbourne t10","https://trends.google.com/trends/explore?q=melbourne%20t10&geo=IN&hl=en-GB"
"tata steel share","1K+","8 April 2025 at 09:50:00 UTC+5:30","8 April 2025 at 10:40:00 UTC+5:30","tata steel share","https://trends.google.com/trends/explore?q=tata%20steel%20share&geo=IN&hl=en-GB"
"nyt strands today","500+","8 April 2025 at 09:10:00 UTC+5:30","8 April 2025 at 11:30:00 UTC+5:30","nyt strands today","https://trends.google.com/trends/explore?q=nyt%20strands%20today&geo=IN&hl=en-GB"
"jio hotstar","20K+","7 April 2025 at 20:00:00 UTC+5:30","7 April 2025 at 20:30:00 UTC+5:30","jio hotstar,jio hotstar ipl,jiohotstar ipl,hotstar ipl","https://trends.google.com/trends/explore?q=jio%20hotstar&geo=IN&hl=en-GB"
"जसप्रीत बुमराह","2K+","7 April 2025 at 19:00:00 UTC+5:30","8 April 2025 at 06:50:00 UTC+5:30","जसप्रीत बुमराह","https://trends.google.com/trends/explore?q=%E0%A4%9C%E0%A4%B8%E0%A4%AA%E0%A5%8D%E0%A4%B0%E0%A5%80%E0%A4%A4%20%E0%A4%AC%E0%A5%81%E0%A4%AE%E0%A4%B0%E0%A4%BE%E0%A4%B9&geo=IN&hl=en-GB"
"bhuvneshwar kumar","10K+","7 April 2025 at 22:00:00 UTC+5:30","7 April 2025 at 22:40:00 UTC+5:30","bhuvneshwar kumar,भुवनेश्वर कुमार","https://trends.google.com/trends/explore?q=bhuvneshwar%20kumar&geo=IN&hl=en-GB"
"ccsu","500+","8 April 2025 at 10:20:00 UTC+5:30","8 April 2025 at 11:30:00 UTC+5:30","ccsu","https://trends.google.com/trends/explore?q=ccsu&geo=IN&hl=en-GB"
"t20 live score","2K+","7 April 2025 at 19:30:00 UTC+5:30","8 April 2025 at 00:20:00 UTC+5:30","t20 live score,espn cricinfo,harry brook","https://trends.google.com/trends/explore?q=t20%20live%20score&geo=IN&hl=en-GB"
"white lotus","2K+","8 April 2025 at 00:50:00 UTC+5:30","8 April 2025 at 06:20:00 UTC+5:30","white lotus,white lotus season 3,the white lotus,season 3 white lotus season finale","https://trends.google.com/trends/explore?q=white%20lotus&geo=IN&hl=en-GB"
"isl final 2025","1K+","7 April 2025 at 21:20:00 UTC+5:30","8 April 2025 at 09:00:00 UTC+5:30","isl final 2025","https://trends.google.com/trends/explore?q=isl%20final%202025&geo=IN&hl=en-GB"
"trent ltd","2K+","7 April 2025 at 14:30:00 UTC+5:30","7 April 2025 at 18:00:00 UTC+5:30","trent ltd","https://trends.google.com/trends/explore?q=trent%20ltd&geo=IN&hl=en-GB"
"goa board ssc result 2025 date","5K+","7 April 2025 at 21:40:00 UTC+5:30","8 April 2025 at 00:10:00 UTC+5:30","goa board ssc result 2025 date,goa board ssc result 2025 date class 10,ssc result 2025,goa board,goa board 10th result,gbshse,goa board result,ssc result 2025 goa,www.gbshse.gov.in results 2025,results gbshsegoa net,goa ssc result 2025","https://trends.google.com/trends/explore?q=goa%20board%20ssc%20result%202025%20date&geo=IN&hl=en-GB"
"adani energy","500+","8 April 2025 at 07:50:00 UTC+5:30","8 April 2025 at 10:20:00 UTC+5:30","adani energy","https://trends.google.com/trends/explore?q=adani%20energy&geo=IN&hl=en-GB"
"isl live score","2K+","7 April 2025 at 19:40:00 UTC+5:30","7 April 2025 at 23:00:00 UTC+5:30","isl live score","https://trends.google.com/trends/explore?q=isl%20live%20score&geo=IN&hl=en-GB"
"ground zero","2K+","7 April 2025 at 17:10:00 UTC+5:30","8 April 2025 at 04:20:00 UTC+5:30","ground zero","https://trends.google.com/trends/explore?q=ground%20zero&geo=IN&hl=en-GB"
"psl","1K+","8 April 2025 at 00:10:00 UTC+5:30","8 April 2025 at 09:20:00 UTC+5:30","psl","https://trends.google.com/trends/explore?q=psl&geo=IN&hl=en-GB"
"nvidia share price","5K+","7 April 2025 at 19:30:00 UTC+5:30","7 April 2025 at 21:00:00 UTC+5:30","nvidia share price,nvidia stock,nvidia stock price,nvda stock","https://trends.google.com/trends/explore?q=nvidia%20share%20price&geo=IN&hl=en-GB"
"today holiday","1K+","8 April 2025 at 08:20:00 UTC+5:30","8 April 2025 at 10:00:00 UTC+5:30","today holiday,ambedkar jayanti,tomorrow holiday","https://trends.google.com/trends/explore?q=today%20holiday&geo=IN&hl=en-GB"
"ipl match table","2K+","7 April 2025 at 23:20:00 UTC+5:30","8 April 2025 at 09:20:00 UTC+5:30","ipl match table,ipl match list","https://trends.google.com/trends/explore?q=ipl%20match%20table&geo=IN&hl=en-GB"
"best","500+","8 April 2025 at 02:50:00 UTC+5:30",,"best,men’s march madness","https://trends.google.com/trends/explore?q=best&geo=IN&hl=en-GB"
"john amos","1K+","7 April 2025 at 13:40:00 UTC+5:30","8 April 2025 at 04:20:00 UTC+5:30","john amos","https://trends.google.com/trends/explore?q=john%20amos&geo=IN&hl=en-GB"
"vedanta share","200+","8 April 2025 at 09:50:00 UTC+5:30","8 April 2025 at 11:00:00 UTC+5:30","vedanta share","https://trends.google.com/trends/explore?q=vedanta%20share&geo=IN&hl=en-GB"
"ranveer singh","2K+","7 April 2025 at 19:50:00 UTC+5:30","8 April 2025 at 00:00:00 UTC+5:30","ranveer singh","https://trends.google.com/trends/explore?q=ranveer%20singh&geo=IN&hl=en-GB"
"ipl schedule","5K+","7 April 2025 at 23:30:00 UTC+5:30","8 April 2025 at 00:40:00 UTC+5:30","ipl schedule","https://trends.google.com/trends/explore?q=ipl%20schedule&geo=IN&hl=en-GB"
"campa cola","500+","8 April 2025 at 06:10:00 UTC+5:30","8 April 2025 at 08:30:00 UTC+5:30","campa cola","https://trends.google.com/trends/explore?q=campa%20cola&geo=IN&hl=en-GB"
"norway vs portugal","2K+","7 April 2025 at 17:30:00 UTC+5:30","7 April 2025 at 21:40:00 UTC+5:30","norway vs portugal","https://trends.google.com/trends/explore?q=norway%20vs%20portugal&geo=IN&hl=en-GB"
"delhi temperature","2K+","7 April 2025 at 13:50:00 UTC+5:30","8 April 2025 at 02:50:00 UTC+5:30","delhi temperature","https://trends.google.com/trends/explore?q=delhi%20temperature&geo=IN&hl=en-GB"
"jérémy mathieu","200+","8 April 2025 at 07:20:00 UTC+5:30","8 April 2025 at 09:20:00 UTC+5:30","jérémy mathieu","https://trends.google.com/trends/explore?q=j%C3%A9r%C3%A9my%20mathieu&geo=IN&hl=en-GB"
"parimatch","5K+","7 April 2025 at 20:20:00 UTC+5:30","7 April 2025 at 23:50:00 UTC+5:30","parimatch","https://trends.google.com/trends/explore?q=parimatch&geo=IN&hl=en-GB"
"bgr vs fcs","2K+","7 April 2025 at 23:30:00 UTC+5:30","8 April 2025 at 02:50:00 UTC+5:30","bgr vs fcs,west indies t10 vincy premier league,vincy premier league t10 2024","https://trends.google.com/trends/explore?q=bgr%20vs%20fcs&geo=IN&hl=en-GB"
"mudra yojana","200+","8 April 2025 at 09:20:00 UTC+5:30","8 April 2025 at 10:30:00 UTC+5:30","mudra yojana","https://trends.google.com/trends/explore?q=mudra%20yojana&geo=IN&hl=en-GB"
"hang seng","1K+","8 April 2025 at 07:10:00 UTC+5:30","8 April 2025 at 08:40:00 UTC+5:30","hang seng,hang seng index live,hong kong index,hang seng share bazar","https://trends.google.com/trends/explore?q=hang%20seng&geo=IN&hl=en-GB"
"holidays in april 2025","200+","8 April 2025 at 07:10:00 UTC+5:30","8 April 2025 at 09:50:00 UTC+5:30","holidays in april 2025","https://trends.google.com/trends/explore?q=holidays%20in%20april%202025&geo=IN&hl=en-GB"
"मौसम बारिश","500+","8 April 2025 at 03:20:00 UTC+5:30","8 April 2025 at 09:20:00 UTC+5:30","मौसम बारिश","https://trends.google.com/trends/explore?q=%E0%A4%AE%E0%A5%8C%E0%A4%B8%E0%A4%AE%20%E0%A4%AC%E0%A4%BE%E0%A4%B0%E0%A4%BF%E0%A4%B6&geo=IN&hl=en-GB"
"daniil medvedev","1K+","7 April 2025 at 20:30:00 UTC+5:30","8 April 2025 at 01:00:00 UTC+5:30","daniil medvedev","https://trends.google.com/trends/explore?q=daniil%20medvedev&geo=IN&hl=en-GB"
"wwe raw","1K+","8 April 2025 at 07:00:00 UTC+5:30","8 April 2025 at 08:20:00 UTC+5:30","wwe raw,www.sportskeeda.com","https://trends.google.com/trends/explore?q=wwe%20raw&geo=IN&hl=en-GB"
"loom","500+","8 April 2025 at 00:10:00 UTC+5:30","8 April 2025 at 03:20:00 UTC+5:30","loom","https://trends.google.com/trends/explore?q=loom&geo=IN&hl=en-GB"
"rajesh khanna","200+","8 April 2025 at 09:00:00 UTC+5:30","8 April 2025 at 10:30:00 UTC+5:30","rajesh khanna","https://trends.google.com/trends/explore?q=rajesh%20khanna&geo=IN&hl=en-GB"
"shefali bagga","1K+","7 April 2025 at 23:20:00 UTC+5:30","8 April 2025 at 09:40:00 UTC+5:30","shefali bagga,bb","https://trends.google.com/trends/explore?q=shefali%20bagga&geo=IN&hl=en-GB"
"infy share price","200+","8 April 2025 at 09:40:00 UTC+5:30","8 April 2025 at 10:30:00 UTC+5:30","infy share price","https://trends.google.com/trends/explore?q=infy%20share%20price&geo=IN&hl=en-GB"
"arjun tendulkar","2K+","7 April 2025 at 18:30:00 UTC+5:30","7 April 2025 at 19:50:00 UTC+5:30","arjun tendulkar","https://trends.google.com/trends/explore?q=arjun%20tendulkar&geo=IN&hl=en-GB"
"napoli","500+","8 April 2025 at 00:30:00 UTC+5:30","8 April 2025 at 03:30:00 UTC+5:30","napoli","https://trends.google.com/trends/explore?q=napoli&geo=IN&hl=en-GB"
"karan johar","1K+","7 April 2025 at 15:10:00 UTC+5:30","7 April 2025 at 22:40:00 UTC+5:30","karan johar","https://trends.google.com/trends/explore?q=karan%20johar&geo=IN&hl=en-GB"
"amazon share price","2K+","7 April 2025 at 19:30:00 UTC+5:30","7 April 2025 at 21:20:00 UTC+5:30","amazon share price,amazon stock price","https://trends.google.com/trends/explore?q=amazon%20share%20price&geo=IN&hl=en-GB"
"ranbir kapoor","1K+","7 April 2025 at 20:30:00 UTC+5:30","8 April 2025 at 00:00:00 UTC+5:30","ranbir kapoor,sunny","https://trends.google.com/trends/explore?q=ranbir%20kapoor&geo=IN&hl=en-GB"
"prabhat khabar epaper","200+","8 April 2025 at 06:50:00 UTC+5:30","8 April 2025 at 08:50:00 UTC+5:30","prabhat khabar epaper","https://trends.google.com/trends/explore?q=prabhat%20khabar%20epaper&geo=IN&hl=en-GB"
"corbin bosch","2K+","7 April 2025 at 18:40:00 UTC+5:30","7 April 2025 at 20:00:00 UTC+5:30","corbin bosch","https://trends.google.com/trends/explore?q=corbin%20bosch&geo=IN&hl=en-GB"
"sachin pilgaonkar","1K+","7 April 2025 at 21:50:00 UTC+5:30","8 April 2025 at 01:30:00 UTC+5:30","sachin pilgaonkar","https://trends.google.com/trends/explore?q=sachin%20pilgaonkar&geo=IN&hl=en-GB"
"विग्नेश पुथुर","2K+","7 April 2025 at 20:30:00 UTC+5:30","7 April 2025 at 21:50:00 UTC+5:30","विग्नेश पुथुर","https://trends.google.com/trends/explore?q=%E0%A4%B5%E0%A4%BF%E0%A4%97%E0%A5%8D%E0%A4%A8%E0%A5%87%E0%A4%B6%20%E0%A4%AA%E0%A5%81%E0%A4%A5%E0%A5%81%E0%A4%B0&geo=IN&hl=en-GB"
"highest score in ipl","2K+","7 April 2025 at 21:00:00 UTC+5:30","7 April 2025 at 22:30:00 UTC+5:30","highest score in ipl,virat kohli ipl 2025 runs,ipl t20","https://trends.google.com/trends/explore?q=highest%20score%20in%20ipl&geo=IN&hl=en-GB"
"fastest fifty in ipl","1K+","7 April 2025 at 22:40:00 UTC+5:30","8 April 2025 at 00:10:00 UTC+5:30","fastest fifty in ipl,fastest 50,fastest ipl 50","https://trends.google.com/trends/explore?q=fastest%20fifty%20in%20ipl&geo=IN&hl=en-GB"
"santner","1K+","7 April 2025 at 20:40:00 UTC+5:30","8 April 2025 at 00:20:00 UTC+5:30","santner","https://trends.google.com/trends/explore?q=santner&geo=IN&hl=en-GB"
"oracle share price","1K+","7 April 2025 at 19:10:00 UTC+5:30","7 April 2025 at 22:40:00 UTC+5:30","oracle share price","https://trends.google.com/trends/explore?q=oracle%20share%20price&geo=IN&hl=en-GB"
"ab de villiers","1K+","7 April 2025 at 19:30:00 UTC+5:30","8 April 2025 at 02:50:00 UTC+5:30","ab de villiers","https://trends.google.com/trends/explore?q=ab%20de%20villiers&geo=IN&hl=en-GB"
"hazlewood","1K+","7 April 2025 at 21:50:00 UTC+5:30","8 April 2025 at 00:20:00 UTC+5:30","hazlewood","https://trends.google.com/trends/explore?q=hazlewood&geo=IN&hl=en-GB"
"today's news headlines","1K+","8 April 2025 at 06:30:00 UTC+5:30","8 April 2025 at 08:20:00 UTC+5:30","today's news headlines,trump news,more","https://trends.google.com/trends/explore?q=today%27s%20news%20headlines&geo=IN&hl=en-GB"
"nifty next 50","200+","8 April 2025 at 10:00:00 UTC+5:30","8 April 2025 at 10:40:00 UTC+5:30","nifty next 50","https://trends.google.com/trends/explore?q=nifty%20next%2050&geo=IN&hl=en-GB"
"qualcomm share price","1K+","7 April 2025 at 19:10:00 UTC+5:30","7 April 2025 at 22:00:00 UTC+5:30","qualcomm share price","https://trends.google.com/trends/explore?q=qualcomm%20share%20price&geo=IN&hl=en-GB"
"today's news","200+","8 April 2025 at 06:30:00 UTC+5:30","8 April 2025 at 08:20:00 UTC+5:30","today's news","https://trends.google.com/trends/explore?q=today%27s%20news&geo=IN&hl=en-GB"
"dinesh karthik","1K+","7 April 2025 at 21:00:00 UTC+5:30","8 April 2025 at 00:30:00 UTC+5:30","dinesh karthik","https://trends.google.com/trends/explore?q=dinesh%20karthik&geo=IN&hl=en-GB"
"siraj","500+","8 April 2025 at 06:50:00 UTC+5:30","8 April 2025 at 07:50:00 UTC+5:30","siraj,navjot singh sidhu","https://trends.google.com/trends/explore?q=siraj&geo=IN&hl=en-GB"
"court state vs a nobody","1K+","7 April 2025 at 17:40:00 UTC+5:30","7 April 2025 at 20:20:00 UTC+5:30","court state vs a nobody","https://trends.google.com/trends/explore?q=court%20state%20vs%20a%20nobody&geo=IN&hl=en-GB"
"gt vs rr","200+","8 April 2025 at 07:10:00 UTC+5:30","8 April 2025 at 09:10:00 UTC+5:30","gt vs rr","https://trends.google.com/trends/explore?q=gt%20vs%20rr&geo=IN&hl=en-GB"
"google share price","1K+","7 April 2025 at 19:10:00 UTC+5:30","7 April 2025 at 22:50:00 UTC+5:30","google share price","https://trends.google.com/trends/explore?q=google%20share%20price&geo=IN&hl=en-GB"
"indian super league standings","500+","7 April 2025 at 23:50:00 UTC+5:30","8 April 2025 at 07:00:00 UTC+5:30","indian super league standings","https://trends.google.com/trends/explore?q=indian%20super%20league%20standings&geo=IN&hl=en-GB"
"psl 2025","200+","8 April 2025 at 01:10:00 UTC+5:30","8 April 2025 at 09:20:00 UTC+5:30","psl 2025","https://trends.google.com/trends/explore?q=psl%202025&geo=IN&hl=en-GB"
"alia bhatt","1K+","7 April 2025 at 20:30:00 UTC+5:30","7 April 2025 at 23:40:00 UTC+5:30","alia bhatt","https://trends.google.com/trends/explore?q=alia%20bhatt&geo=IN&hl=en-GB"
"ट्रेंट बोल्ट","1K+","7 April 2025 at 19:40:00 UTC+5:30","8 April 2025 at 06:10:00 UTC+5:30","ट्रेंट बोल्ट,फिल साल्ट","https://trends.google.com/trends/explore?q=%E0%A4%9F%E0%A5%8D%E0%A4%B0%E0%A5%87%E0%A4%82%E0%A4%9F%20%E0%A4%AC%E0%A5%8B%E0%A4%B2%E0%A5%8D%E0%A4%9F&geo=IN&hl=en-GB"
"pistons vs kings","200+","8 April 2025 at 07:40:00 UTC+5:30","8 April 2025 at 08:50:00 UTC+5:30","pistons vs kings","https://trends.google.com/trends/explore?q=pistons%20vs%20kings&geo=IN&hl=en-GB"
"swastik chikara","2K+","7 April 2025 at 18:50:00 UTC+5:30","7 April 2025 at 19:50:00 UTC+5:30","swastik chikara","https://trends.google.com/trends/explore?q=swastik%20chikara&geo=IN&hl=en-GB"
"apple share price","2K+","7 April 2025 at 19:30:00 UTC+5:30","7 April 2025 at 20:30:00 UTC+5:30","apple share price,apple stock,apple stock price","https://trends.google.com/trends/explore?q=apple%20share%20price&geo=IN&hl=en-GB"
"microsoft share price","1K+","7 April 2025 at 19:20:00 UTC+5:30","7 April 2025 at 21:20:00 UTC+5:30","microsoft share price","https://trends.google.com/trends/explore?q=microsoft%20share%20price&geo=IN&hl=en-GB"
"the last of us","500+","7 April 2025 at 21:50:00 UTC+5:30","8 April 2025 at 03:10:00 UTC+5:30","the last of us","https://trends.google.com/trends/explore?q=the%20last%20of%20us&geo=IN&hl=en-GB"
"hangseng index","200+","8 April 2025 at 07:00:00 UTC+5:30","8 April 2025 at 08:20:00 UTC+5:30","hangseng index","https://trends.google.com/trends/explore?q=hangseng%20index&geo=IN&hl=en-GB"
"cancer horoscope today astrology","200+","8 April 2025 at 03:00:00 UTC+5:30","8 April 2025 at 06:20:00 UTC+5:30","cancer horoscope today astrology","https://trends.google.com/trends/explore?q=cancer%20horoscope%20today%20astrology&geo=IN&hl=en-GB"
"dax index","2K+","7 April 2025 at 21:40:00 UTC+5:30","7 April 2025 at 22:20:00 UTC+5:30","dax index,dax","https://trends.google.com/trends/explore?q=dax%20index&geo=IN&hl=en-GB"
"विराट कोहली","1K+","7 April 2025 at 20:30:00 UTC+5:30","7 April 2025 at 22:10:00 UTC+5:30","विराट कोहली","https://trends.google.com/trends/explore?q=%E0%A4%B5%E0%A4%BF%E0%A4%B0%E0%A4%BE%E0%A4%9F%20%E0%A4%95%E0%A5%8B%E0%A4%B9%E0%A4%B2%E0%A5%80&geo=IN&hl=en-GB"
"hyderabad weather","1K+","7 April 2025 at 22:10:00 UTC+5:30","7 April 2025 at 23:10:00 UTC+5:30","hyderabad weather,weather hyderabad","https://trends.google.com/trends/explore?q=hyderabad%20weather&geo=IN&hl=en-GB"
"new york time now","500+","7 April 2025 at 18:20:00 UTC+5:30","8 April 2025 at 04:00:00 UTC+5:30","new york time now","https://trends.google.com/trends/explore?q=new%20york%20time%20now&geo=IN&hl=en-GB"
"devil may cry","200+","8 April 2025 at 02:00:00 UTC+5:30","8 April 2025 at 04:40:00 UTC+5:30","devil may cry","https://trends.google.com/trends/explore?q=devil%20may%20cry&geo=IN&hl=en-GB"
"xiaomi","200+","8 April 2025 at 08:30:00 UTC+5:30","8 April 2025 at 09:20:00 UTC+5:30","xiaomi","https://trends.google.com/trends/explore?q=xiaomi&geo=IN&hl=en-GB"
"रजत पाटीदार","500+","7 April 2025 at 20:50:00 UTC+5:30","7 April 2025 at 22:00:00 UTC+5:30","रजत पाटीदार","https://trends.google.com/trends/explore?q=%E0%A4%B0%E0%A4%9C%E0%A4%A4%20%E0%A4%AA%E0%A4%BE%E0%A4%9F%E0%A5%80%E0%A4%A6%E0%A4%BE%E0%A4%B0&geo=IN&hl=en-GB"
"espn","500+","7 April 2025 at 23:00:00 UTC+5:30","8 April 2025 at 00:30:00 UTC+5:30","espn","https://trends.google.com/trends/explore?q=espn&geo=IN&hl=en-GB"
"npcil","500+","7 April 2025 at 16:50:00 UTC+5:30","7 April 2025 at 19:30:00 UTC+5:30","npcil","https://trends.google.com/trends/explore?q=npcil&geo=IN&hl=en-GB"
"nyse index","500+","7 April 2025 at 19:20:00 UTC+5:30","8 April 2025 at 07:00:00 UTC+5:30","nyse index","https://trends.google.com/trends/explore?q=nyse%20index&geo=IN&hl=en-GB"
"kapil dev","200+","8 April 2025 at 07:10:00 UTC+5:30","8 April 2025 at 07:50:00 UTC+5:30","kapil dev","https://trends.google.com/trends/explore?q=kapil%20dev&geo=IN&hl=en-GB"
"mazagon dock shipbuilders share price","200+","8 April 2025 at 09:50:00 UTC+5:30","8 April 2025 at 10:20:00 UTC+5:30","mazagon dock shipbuilders share price","https://trends.google.com/trends/explore?q=mazagon%20dock%20shipbuilders%20share%20price&geo=IN&hl=en-GB"
"intel share price","500+","7 April 2025 at 19:10:00 UTC+5:30","7 April 2025 at 21:30:00 UTC+5:30","intel share price","https://trends.google.com/trends/explore?q=intel%20share%20price&geo=IN&hl=en-GB"
"rcb বনাম mi","500+","7 April 2025 at 19:40:00 UTC+5:30","8 April 2025 at 06:20:00 UTC+5:30","rcb বনাম mi","https://trends.google.com/trends/explore?q=rcb%20%E0%A6%AC%E0%A6%A8%E0%A6%BE%E0%A6%AE%20mi&geo=IN&hl=en-GB"
"time in new york","500+","7 April 2025 at 18:10:00 UTC+5:30","8 April 2025 at 04:40:00 UTC+5:30","time in new york","https://trends.google.com/trends/explore?q=time%20in%20new%20york&geo=IN&hl=en-GB"
"football manchester united","100+","8 April 2025 at 08:00:00 UTC+5:30","8 April 2025 at 09:00:00 UTC+5:30","football manchester united","https://trends.google.com/trends/explore?q=football%20manchester%20united&geo=IN&hl=en-GB"
"kalyan","1K+","7 April 2025 at 18:40:00 UTC+5:30","7 April 2025 at 19:40:00 UTC+5:30","kalyan","https://trends.google.com/trends/explore?q=kalyan&geo=IN&hl=en-GB"
"inter results 2025 date ap","100+","8 April 2025 at 07:40:00 UTC+5:30","8 April 2025 at 08:50:00 UTC+5:30","inter results 2025 date ap","https://trends.google.com/trends/explore?q=inter%20results%202025%20date%20ap&geo=IN&hl=en-GB"
"ssa","200+","8 April 2025 at 08:40:00 UTC+5:30","8 April 2025 at 09:10:00 UTC+5:30","ssa","https://trends.google.com/trends/explore?q=ssa&geo=IN&hl=en-GB"
"ravi shastri","500+","7 April 2025 at 23:40:00 UTC+5:30","8 April 2025 at 00:50:00 UTC+5:30","ravi shastri","https://trends.google.com/trends/explore?q=ravi%20shastri&geo=IN&hl=en-GB"
"uco bank share","200+","8 April 2025 at 09:50:00 UTC+5:30","8 April 2025 at 10:20:00 UTC+5:30","uco bank share","https://trends.google.com/trends/explore?q=uco%20bank%20share&geo=IN&hl=en-GB"
"amd share price","500+","7 April 2025 at 19:10:00 UTC+5:30","7 April 2025 at 21:20:00 UTC+5:30","amd share price","https://trends.google.com/trends/explore?q=amd%20share%20price&geo=IN&hl=en-GB"
"upl","500+","7 April 2025 at 23:20:00 UTC+5:30","8 April 2025 at 06:30:00 UTC+5:30","upl","https://trends.google.com/trends/explore?q=upl&geo=IN&hl=en-GB"
"राशिफल","200+","8 April 2025 at 04:50:00 UTC+5:30","8 April 2025 at 06:00:00 UTC+5:30","राशिफल,today news in hindi","https://trends.google.com/trends/explore?q=%E0%A4%B0%E0%A4%BE%E0%A4%B6%E0%A4%BF%E0%A4%AB%E0%A4%B2&geo=IN&hl=en-GB"
"jaggi vasudev","500+","7 April 2025 at 18:30:00 UTC+5:30","7 April 2025 at 20:10:00 UTC+5:30","jaggi vasudev","https://trends.google.com/trends/explore?q=jaggi%20vasudev&geo=IN&hl=en-GB"
"hassett","500+","7 April 2025 at 19:50:00 UTC+5:30","7 April 2025 at 21:00:00 UTC+5:30","hassett,tariff pause","https://trends.google.com/trends/explore?q=hassett&geo=IN&hl=en-GB"
"new york time","500+","7 April 2025 at 18:20:00 UTC+5:30","7 April 2025 at 20:00:00 UTC+5:30","new york time","https://trends.google.com/trends/explore?q=new%20york%20time&geo=IN&hl=en-GB"
"broadcom share price","500+","7 April 2025 at 19:30:00 UTC+5:30","7 April 2025 at 20:50:00 UTC+5:30","broadcom share price","https://trends.google.com/trends/explore?q=broadcom%20share%20price&geo=IN&hl=en-GB"
"madras university","500+","7 April 2025 at 19:30:00 UTC+5:30","7 April 2025 at 20:30:00 UTC+5:30","madras university,university of madras","https://trends.google.com/trends/explore?q=madras%20university&geo=IN&hl=en-GB"
"meta share price","500+","7 April 2025 at 19:10:00 UTC+5:30","7 April 2025 at 20:30:00 UTC+5:30","meta share price","https://trends.google.com/trends/explore?q=meta%20share%20price&geo=IN&hl=en-GB"
"yahoo finance","500+","7 April 2025 at 19:10:00 UTC+5:30","7 April 2025 at 20:50:00 UTC+5:30","yahoo finance","https://trends.google.com/trends/explore?q=yahoo%20finance&geo=IN&hl=en-GB"
"super cup","200+","7 April 2025 at 23:50:00 UTC+5:30","8 April 2025 at 01:10:00 UTC+5:30","super cup","https://trends.google.com/trends/explore?q=super%20cup&geo=IN&hl=en-GB"
"लियाम लिविंगस्टोन","200+","7 April 2025 at 20:50:00 UTC+5:30","7 April 2025 at 21:50:00 UTC+5:30","लियाम लिविंगस्टोन","https://trends.google.com/trends/explore?q=%E0%A4%B2%E0%A4%BF%E0%A4%AF%E0%A4%BE%E0%A4%AE%20%E0%A4%B2%E0%A4%BF%E0%A4%B5%E0%A4%BF%E0%A4%82%E0%A4%97%E0%A4%B8%E0%A5%8D%E0%A4%9F%E0%A5%8B%E0%A4%A8&geo=IN&hl=en-GB"
"andy flower","200+","7 April 2025 at 23:30:00 UTC+5:30","8 April 2025 at 00:40:00 UTC+5:30","andy flower","https://trends.google.com/trends/explore?q=andy%20flower&geo=IN&hl=en-GB"
"wicked","200+","7 April 2025 at 22:50:00 UTC+5:30","7 April 2025 at 23:50:00 UTC+5:30","wicked","https://trends.google.com/trends/explore?q=wicked&geo=IN&hl=en-GB"
"chris gayle","200+","7 April 2025 at 20:30:00 UTC+5:30","8 April 2025 at 03:10:00 UTC+5:30","chris gayle","https://trends.google.com/trends/explore?q=chris%20gayle&geo=IN&hl=en-GB"
"आईपीएल पॉइंट्स टेबल","100+","8 April 2025 at 07:10:00 UTC+5:30","8 April 2025 at 08:00:00 UTC+5:30","आईपीएल पॉइंट्स टेबल","https://trends.google.com/trends/explore?q=%E0%A4%86%E0%A4%88%E0%A4%AA%E0%A5%80%E0%A4%8F%E0%A4%B2%20%E0%A4%AA%E0%A5%89%E0%A4%87%E0%A4%82%E0%A4%9F%E0%A5%8D%E0%A4%B8%20%E0%A4%9F%E0%A5%87%E0%A4%AC%E0%A4%B2&geo=IN&hl=en-GB"
"व्हाट्सएप","100+","8 April 2025 at 04:50:00 UTC+5:30","8 April 2025 at 06:40:00 UTC+5:30","व्हाट्सएप","https://trends.google.com/trends/explore?q=%E0%A4%B5%E0%A5%8D%E0%A4%B9%E0%A4%BE%E0%A4%9F%E0%A5%8D%E0%A4%B8%E0%A4%8F%E0%A4%AA&geo=IN&hl=en-GB"
"हिंदी","100+","8 April 2025 at 04:10:00 UTC+5:30","8 April 2025 at 05:30:00 UTC+5:30","हिंदी","https://trends.google.com/trends/explore?q=%E0%A4%B9%E0%A4%BF%E0%A4%82%E0%A4%A6%E0%A5%80&geo=IN&hl=en-GB"
"9","500+","7 April 2025 at 18:30:00 UTC+5:30","7 April 2025 at 19:30:00 UTC+5:30","9","https://trends.google.com/trends/explore?q=9&geo=IN&hl=en-GB"
"iran","100+","8 April 2025 at 02:50:00 UTC+5:30","8 April 2025 at 04:00:00 UTC+5:30","iran","https://trends.google.com/trends/explore?q=iran&geo=IN&hl=en-GB"
"bhojpuri","100+","8 April 2025 at 03:10:00 UTC+5:30","8 April 2025 at 05:00:00 UTC+5:30","bhojpuri","https://trends.google.com/trends/explore?q=bhojpuri&geo=IN&hl=en-GB"
"ben shelton","200+","7 April 2025 at 21:10:00 UTC+5:30","7 April 2025 at 22:20:00 UTC+5:30","ben shelton","https://trends.google.com/trends/explore?q=ben%20shelton&geo=IN&hl=en-GB"
"japanese grand prix race","200+","7 April 2025 at 13:50:00 UTC+5:30","7 April 2025 at 15:00:00 UTC+5:30","japanese grand prix race","https://trends.google.com/trends/explore?q=japanese%20grand%20prix%20race&geo=IN&hl=en-GB"
"margot robbie","100+","8 April 2025 at 02:40:00 UTC+5:30","8 April 2025 at 04:20:00 UTC+5:30","margot robbie","https://trends.google.com/trends/explore?q=margot%20robbie&geo=IN&hl=en-GB"
"zzz","200+","8 April 2025 at 01:50:00 UTC+5:30","8 April 2025 at 05:20:00 UTC+5:30","zzz","https://trends.google.com/trends/explore?q=zzz&geo=IN&hl=en-GB"
"दुल्हन","200+","7 April 2025 at 13:50:00 UTC+5:30","7 April 2025 at 15:00:00 UTC+5:30","दुल्हन","https://trends.google.com/trends/explore?q=%E0%A4%A6%E0%A5%81%E0%A4%B2%E0%A5%8D%E0%A4%B9%E0%A4%A8&geo=IN&hl=en-GB"
"cmf phone 2 pro","200+","7 April 2025 at 17:00:00 UTC+5:30","7 April 2025 at 18:10:00 UTC+5:30","cmf phone 2 pro","https://trends.google.com/trends/explore?q=cmf%20phone%202%20pro&geo=IN&hl=en-GB"
"john wick","100+","8 April 2025 at 02:00:00 UTC+5:30","8 April 2025 at 03:00:00 UTC+5:30","john wick","https://trends.google.com/trends/explore?q=john%20wick&geo=IN&hl=en-GB"
"scan","200+","7 April 2025 at 20:10:00 UTC+5:30","7 April 2025 at 21:20:00 UTC+5:30","scan","https://trends.google.com/trends/explore?q=scan&geo=IN&hl=en-GB"
"desi video","100+","8 April 2025 at 03:30:00 UTC+5:30","8 April 2025 at 04:20:00 UTC+5:30","desi video","https://trends.google.com/trends/explore?q=desi%20video&geo=IN&hl=en-GB"
"bangla","100+","8 April 2025 at 05:10:00 UTC+5:30","8 April 2025 at 05:40:00 UTC+5:30","bangla","https://trends.google.com/trends/explore?q=bangla&geo=IN&hl=en-GB"
"remove","200+","7 April 2025 at 18:50:00 UTC+5:30","7 April 2025 at 19:40:00 UTC+5:30","remove","https://trends.google.com/trends/explore?q=remove&geo=IN&hl=en-GB"
"standard chartered","200+","7 April 2025 at 15:40:00 UTC+5:30","7 April 2025 at 16:50:00 UTC+5:30","standard chartered","https://trends.google.com/trends/explore?q=standard%20chartered&geo=IN&hl=en-GB"
"rg sharma","200+","7 April 2025 at 22:20:00 UTC+5:30","7 April 2025 at 22:50:00 UTC+5:30","rg sharma","https://trends.google.com/trends/explore?q=rg%20sharma&geo=IN&hl=en-GB"
"us news","200+","7 April 2025 at 20:20:00 UTC+5:30","7 April 2025 at 20:50:00 UTC+5:30","us news","https://trends.google.com/trends/explore?q=us%20news&geo=IN&hl=en-GB"
"petrol diesel","200+","7 April 2025 at 16:00:00 UTC+5:30","7 April 2025 at 16:40:00 UTC+5:30","petrol diesel","https://trends.google.com/trends/explore?q=petrol%20diesel&geo=IN&hl=en-GB"
"realme narzo 80 pro","200+","7 April 2025 at 19:50:00 UTC+5:30","7 April 2025 at 20:20:00 UTC+5:30","realme narzo 80 pro","https://trends.google.com/trends/explore?q=realme%20narzo%2080%20pro&geo=IN&hl=en-GB"
"liga portugal","100+","8 April 2025 at 03:00:00 UTC+5:30","8 April 2025 at 03:20:00 UTC+5:30","liga portugal","https://trends.google.com/trends/explore?q=liga%20portugal&geo=IN&hl=en-GB"